Open,High,Low,Volume,Close
497.265778,514.031738,497.08197,5361000,512.372498
512.601013,516.922913,509.088867,4211200,509.461456
511.085876,511.085876,502.104309,4087300,504.319885
504.319885,508.408295,503.222015,2332400,504.22052
506.257294,515.119629,503.475372,3230800,514.771912
515.363037,515.402771,509.684998,2665300,511.880707
511.140533,517.394836,508.676544,3301200,511.960205
512.561279,514.65271,509.237885,2583200,510.20163
512.417236,512.849426,507.71283,2292300,509.739624
506.878235,512.49176,505.422699,2378000,507.459473
509.486298,510.181763,504.404327,1837600,508.070496
508.000946,508.656677,500.564301,3381000,500.718323
501.115723,505.959229,500.991547,2598200,504.732208
501.493256,504.682526,500.743134,2239600,502.029785
500.594116,505.492249,499.252838,2451900,502.620941
500.122192,513.08783,499.997986,3179200,512.899109
513.619385,516.515564,511.845947,2348500,514.270142
514.091309,515.64624,511.82605,2569100,513.440552
514.528503,520.981506,511.294525,3542200,512.442078
512.526489,514.031738,508.219513,2277800,509.287567
511.647217,513.341187,506.883209,1939800,507.851898
510.181763,515.800232,509.684998,2197700,513.693909
513.371033,514.737122,511.284576,2524600,512.610962
515.228943,523.192139,514.165833,3246900,519.585571
520.911987,527.320313,518.100281,4602200,525.785278
527.583557,530.549316,526.575134,2261700,528.120117
527.648132,529.86377,526.301941,2401000,526.37146
528.318787,529.729614,521.984985,2764200,523.832947
522.079407,528.283997,521.120605,3373900,523.226929
522.288025,528.552307,521.607422,2398600,525.671021
525.184204,526.40625,522.148926,2282000,525.253723
531.438477,531.542847,526.614868,2876100,531.478271
532.034607,537.658081,530.559204,2984400,535.586548
534.597961,542.625732,534.349548,3731800,538.825439
540.186584,542.133911,534.111145,3445800,535.164246
536.296875,537.971008,531.046082,3213600,531.522949
534.225403,534.66748,525.526978,4352800,526.96759
528.562195,533.872681,527.573669,3224800,533.023193
532.943726,536.888062,530.738037,3091300,531.473267
532.461853,538.969543,526.098267,4449300,538.870178
536.893005,542.466797,536.053467,3353000,539.600403
540.633728,547.0271,540.48468,6565600,546.753906
550.340576,554.294861,548.98938,3465500,553.947083
553.882507,554.016663,550.469727,1477800,552.327637
553.40564,555.884521,550.762817,2692900,555.119507
556.381287,556.520386,552.874084,3159800,555.586426
556.550171,556.629639,550.926758,2488100,551.145325
552.526367,556.878052,549.555664,2733400,556.734009
554.125916,555.26355,550.549194,3666400,552.963501
553.897461,554.856201,548.894958,3355000,548.929749
552.908875,555.814941,549.645081,3561600,555.049927
558.865112,566.162659,556.95752,5138400,565.750366
569.297241,569.953003,562.983337,4514100,566.927673
568.025513,568.413025,559.143311,4196000,561.468201
565.859619,565.859619,557.499023,4314700,561.438354
559.595398,569.749329,554.975403,4869100,557.861633
565.298279,571.781128,560.400146,4997400,570.986267
572.769714,573.768188,568.199402,3925700,570.598816
570.83728,575.223694,570.290833,3389600,574.374268
574.687195,576.565002,568.403076,5437700,571.547607
576.71405,578.239136,571.930176,3985400,578.090088
579.535706,580.17157,575.68573,3163200,578.745789
576.252014,577.489014,573.4552,3923400,576.301697
571.786072,573.047852,557.871582,7835500,558.283875
559.41156,559.610291,537.638184,8763800,547.056946
551.572571,559.237671,551.383789,4449100,557.876526
555.944092,557.25061,546.157776,4790600,549.883545
568.800476,572.521301,559.982849,10248900,564.02655
581.890381,589.436279,571.845703,11204900,586.669312
585.789978,587.04187,562.347473,9197600,563.052856
565.318176,573.768188,564.831299,5660300,565.402588
567.995728,571.66687,560.365356,4820000,567.906311
571.845703,576.331543,570.067261,3918300,576.232178
580.042358,585.144226,576.530212,5306500,584.91571
582.113892,587.379639,580.73291,3915500,582.675232
586.271851,592.084045,582.317566,4128200,591.244507
590.658325,591.15509,586.872986,3471300,589.510803
586.559998,596.07312,586.018494,3696500,596.07312
593.941956,598.303589,592.546082,4401800,597.513733
596.823242,602.516235,596.122803,4245100,601.527649
598.755676,600.703003,594.880859,4234500,597.285217
597.682678,599.545532,596.232056,3423700,598.16449
600.002563,601.025879,597.53363,3748800,598.005554
598.785461,606.137634,598.656311,3370300,602.337402
604.041321,608.29364,601.299133,2896000,606.058167
608.045227,610.469482,602.958313,3990000,606.142639
605.258362,608.159485,604.572815,2536300,605.66571
606.227051,608.139648,599.212708,4657300,603.897217
599.476013,600.017456,592.218201,4236900,597.459106
603.574341,604.071106,600.842102,2954400,603.529602
603.599182,607.588196,601.790955,2486500,605.193787
607.190796,609.113281,605.362671,2552600,605.864441
609.436218,609.530579,601.805847,3049900,603.470032
603.917114,604.885803,598.154602,2444900,601.870422
602.963318,603.236511,594.453674,3448200,596.117798
594.334412,600.022461,588.26886,3954000,599.749207
600.072083,601.338867,588.552063,4721500,590.688171
587.175964,591.58728,582.476563,4617500,582.610657
585.814819,594.667236,585.248535,4352200,592.198303
593.475037,601.850525,592.675232,3653500,601.716431
601.98468,602.079041,593.345886,3246700,595.750244
596.097961,600.896729,593.81781,3391200,594.711975
599.257385,600.906677,587.40448,6458700,587.697571
588.26886,588.621582,569.272461,6113500,575.223694
579.232666,581.140259,569.794067,4851700,575.61615
577.250549,581.999634,562.094116,5193400,562.327576
564.893921,564.893921,549.896362,13100,555.406067
558.131104,563.33252,555.614929,41300,556.927734
563.789978,563.899353,553.88446,10800,553.924255
555.654724,565.341431,555.654724,7900,564.058533
596.708984,601.522522,559.115662,147500,563.899353
566.733765,584.068481,561.045044,5113100,566.62439
571.507568,574.610474,540.03064,6386800,540.169861
537.782959,545.480652,524.267273,4413700,535.207153
539.632813,551.965027,538.648193,3159900,551.86554
556.559753,562.27832,549.926208,3339900,561.054993
561.910339,561.910339,536.947571,4047900,537.991821
529.637756,537.046997,523.650696,3935600,527.698425
535.30658,541.124634,526.664124,2582100,529.60791
533.884399,535.505493,515.624817,3865600,533.50647
540.03064,553.954041,537.046997,4906600,553.496582
545.808838,546.495056,528.245422,6828200,533.168335
533.168335,533.765076,522.725769,2573700,525.729248
525.749146,534.292175,524.625305,2371800,531.885437
530.870972,530.950562,523.372192,2057900,524.058472
527.171326,528.742676,519.264832,1888300,522.288208
519.652649,521.830688,512.60144,2106100,513.3573
514.351807,515.764038,500.050446,3344700,514.32196
514.073364,526.564636,513.496521,2706400,524.81427
524.714844,525.112671,519.662598,1755900,523.779968
524.227539,530.015686,521.015198,1910700,528.444336
530.841125,531.079834,522.735718,1693100,525.04303
521.950012,526.007751,518.469177,1026900,524.923706
522.357788,523.929138,512.243408,1693600,512.322998
512.969421,513.854553,500.547729,3233200,507.171295
505.679504,514.40155,503.680481,2026800,508.205627
507.95697,517.056946,501.44281,2446100,515.893311
520.647217,527.290649,516.171814,1917800,527.022156
527.986816,533.138489,526.61438,1657900,530.174805
530.085327,530.085327,522.41748,1195000,523.77002
522.825195,522.994324,514.590515,1709000,517.136536
518.538818,518.946533,512.621338,1489300,517.782959
516.858032,526.882935,514.752625,1281200,525.967957
526.84314,533.297668,523.421936,1789600,526.872986
529.98584,536.234497,529.001282,1199500,535.992798
538.170837,544.605469,537.822754,1620200,542.079346
544.267334,550.612427,540.726807,1937400,549.677551
552.959534,562.904846,551.318542,2109900,562.855103
561.482666,564.734802,557.93219,1656500,558.608459
560.269348,560.915771,555.654724,1357800,557.017212
557.733276,558.280273,552.869995,1776000,556.828247
557.63385,557.832764,542.745667,1438900,550.900879
547.976929,549.319519,539.583069,1871700,541.960022
538.538818,545.609924,535.803833,1821400,541.681519
543.412048,551.915283,541.472717,1693700,550.871033
555.00824,555.00824,545.928223,1741500,553.28772
554.103271,559.821777,552.999329,1471500,559.046082
557.444885,560.517944,554.849121,1355400,557.484619
554.948608,556.818298,551.984863,1103100,555.783997
554.252441,554.93866,545.460754,1462400,548.334961
549.23999,549.279785,542.576599,1223900,548.742737
546.256409,546.614441,538.558716,1707200,541.30365
541.22406,542.337952,536.380676,1448500,540.040588
541.880432,550.532898,541.025146,1746500,550.343933
551.209167,551.965027,545.510498,2463500,551.86554
553.804871,554.530884,547.382202,4520700,553.317566
552.114197,561.910339,551.219116,1541000,561.860596
562.099304,569.514526,557.942139,2213200,561.53241
562.168884,576.788513,562.129089,1974700,575.485657
577.822815,579.264893,568.722839,1746700,572.850159
574.023682,576.698975,570.66217,2243000,574.083374
575.495605,576.400635,571.606995,1317300,572.134094
575.157471,581.204224,573.496582,1451900,579.483704
580.159973,582.238525,577.216125,1059200,579.150513
580.159973,581.810913,577.743286,716100,581.53241
580.567749,583.223145,576.420532,1067500,579.065979
574.501099,576.358887,563.039124,1914700,567.967041
568.454346,573.566223,566.26239,1119800,572.929749
562.815369,573.436951,561.920288,1360400,567.976929
568.782532,577.673645,568.295227,1626200,576.012756
579.414063,582.009827,574.86908,1859100,581.671631
582.536926,582.601563,573.407104,1627500,581.582153
584.784546,585.182373,579.016235,1400900,579.473755
576.36084,577.812866,565.500549,3024800,570.59259
589.757202,593.536438,578.817322,4025100,591.825806
588.514038,591.149536,582.032654,2067800,586.246521
587.489685,596.37085,587.3703,1703800,591.487671
589.985962,594.580688,589.259949,1236500,592.720886
593.188354,596.22168,588.533936,1037900,590.105286
587.171387,588.623413,583.819824,935000,585.79895
584.854187,589.259949,581.555298,989500,587.3703
585.530457,586.47522,580.324097,1353500,582.407593
583.342468,586.276367,580.806396,1019200,584.207703
577.424988,580.458313,566.882996,2108500,568.474243
567.280762,572.810364,559.772095,1960600,562.974487
565.928223,572.203735,561.015259,1431200,570.015747
566.932678,568.852173,559.533386,1555500,561.979919
558.707947,567.579163,556.937683,1338000,563.276794
564.893921,566.77356,558.031616,1113900,560.279297
560.47821,567.131592,557.285767,1498800,565.659729
566.873047,567.3703,562.904846,1218000,564.774536
561.432922,562.80542,557.812866,1546200,559.65271
564.207703,571.855652,562.656189,1443200,571.636841
573.029175,574.739746,567.758179,988100,571.507568
574.700012,576.21167,567.400146,1523300,570.343933
572.959534,581.313599,572.850159,1287600,578.976501
581.800964,584.128174,580.806396,981300,583.650757
582.676147,583.491638,579.384216,1039500,581.293762
580.62738,581.30365,577.962036,917300,580.179871
580.398682,582.035645,577.464783,791200,579.374268
581.522461,581.800964,575.83374,1365100,577.027222
578.081421,578.618469,573.427002,1644100,574.700012
574.11322,575.326538,566.985413,1708000,567.877502
566.445374,570.115173,563.99884,1296400,566.087341
568.205688,568.911804,563.968018,1086700,568.474243
568.722839,574.670166,568.066467,1582700,574.172913
576.828308,579.801941,571.855652,1218400,574.779541
576.828308,582.795471,576.052551,1462100,578.797485
580.786499,583.342468,578.767639,1636800,582.875061
583.392212,588.533936,583.093811,1434900,586.495117
585.679626,585.779053,576.828308,1290700,577.832764
578.320068,580.309143,573.785034,980000,579.911316
577.18634,578.628418,573.108765,1224400,578.170898
577.822815,578.45929,571.318604,1606000,572.472229
569.806885,571.805908,565.102783,1601900,569.966003
569.627869,578.320068,569.528442,1484400,576.778564
576.838257,584.30719,575.609985,1697400,581.572205
583.790039,586.316101,581.800964,1448500,586.047607
588.265381,593.21814,586.276367,3746900,592.820374
590.572693,590.700989,580.269348,1694100,584.157959
583.640808,583.640808,577.822815,1475400,577.952087
578.280273,586.40564,577.345459,1732800,584.774597
584.336975,584.764648,571.0401,1931200,571.915283
572.909851,576.082397,571.517517,1447600,573.944153
568.623413,575.028198,568.04657,1285900,573.208191
573.775085,576.679138,569.717407,1626200,574.202698
572.860107,574.421509,563.909302,1449400,565.162415
564.207703,568.782532,560.239502,1181600,566.962524
569.916321,574.068481,569.369324,1144800,572.134094
575.634827,577.822815,571.298706,1217900,574.192749
571.258911,572.124146,560.657227,1916500,560.657227
562.477173,570.74176,554.441406,1996300,569.369324
568.056519,568.364807,556.002808,2531700,557.812866
554.670105,562.039612,541.07489,3090400,541.512451
542.009766,546.495056,530.184753,2588700,530.294128
535.953064,544.197693,530.254395,2228600,534.998291
528.106201,529.886414,515.465698,3729500,527.131531
516.161865,526.534851,512.183716,3718700,521.641724
524.36676,528.076355,505.749115,5554500,508.374695
506.664093,518.906799,505.321472,2614700,517.991821
522.317993,523.909241,516.27124,2342600,523.660645
526.99231,536.848145,525.908264,2927200,529.796875
536.370728,544.227539,532.919739,2355200,541.005249
541.383179,541.90033,532.860046,1978500,536.828247
534.093262,541.432922,534.093262,1188600,537.812805
540.03064,545.977905,538.658142,1274400,545.898376
546.992371,551.159424,543.988831,1775400,546.325989
545.948059,549.777039,540.537842,1459600,547.300659
556.291199,556.51001,551.71637,2040600,556.022705
552.46228,554.849121,550.204651,1386000,552.183777
549.975952,552.46228,546.296143,1247600,551.079895
553.755127,553.755127,541.07489,2037800,542.934631
542.516968,543.894348,538.011719,1336900,539.075867
543.223083,543.223083,535.724304,1638200,538.051514
538.499023,546.584595,538.061462,1137700,544.496094
545.490601,548.921753,543.312561,968200,547.280762
547.380188,547.449829,542.188782,1132700,544.317078
546.793457,546.793457,540.507996,1343000,542.397583
543.690491,543.690491,539.185242,1293000,541.422974
540.607422,540.816284,531.140503,1730700,533.576111
534.560669,538.97644,531.248901,1968000,532.104187
532.074341,535.296631,527.181274,1396000,534.053467
528.344849,532.183777,528.175781,1567600,531.905273
538.648193,539.175354,533.625854,2230300,534.560669
534.7099,539.732239,532.690979,1711000,536.321045
536.05249,541.005249,535.656677,1794800,538.121094
537.922241,538.588562,534.105225,1527100,537.414978
537.663635,539.036072,533.665649,1151500,538.867004
535.953064,538.449341,528.951538,2121100,530.88092
530.592529,532.571655,526.902832,1530800,530.831177
528.533813,533.064941,526.365784,1281400,528.41449
528.255371,534.40155,525.699402,1395900,534.371765
528.096252,529.975891,521.412964,2572600,522.387634
524.247375,528.096252,520.925659,2335700,524.098206
519.284668,531.268799,517.653687,1876400,530.453308
530.164856,533.397095,522.685974,1716900,523.183228
524.913757,531.000305,524.21759,1615200,525.450806
520.647217,525.609924,515.82373,2000000,515.82373
519.881409,520.239441,510.463196,2821100,510.990295
508.762543,510.244415,486.325928,3975100,492.680969
494.282166,504.227478,494.093201,2891000,502.129028
510.144958,511.059906,501.940063,2934700,508.305054
508.71283,514.888855,504.138977,3700300,513.526367
513.257813,523.581055,513.257813,2731200,521.999756
524.118103,531.63678,523.411987,2203600,527.688477
527.608948,528.851074,524.138,707800,525.878418
525.878418,531.328491,524.426392,1043400,531.10968
529.279724,532.551758,527.112671,2284800,527.429932
525.202148,528.245422,524.247375,878600,527.519409
528.344849,529.6875,522.924683,1372000,523.521423
526.114746,528.362366,521.231628,1447600,521.937744
520.39624,521.460388,510.252045,2059800,511.057617
512.181458,513.350037,498.3078,2899900,499.212799
504.22522,504.467896,496.915436,2065100,498.357513
495.264526,500.724487,488.312805,3353600,499.928864
501.997498,502.156616,492.082062,2069400,493.454498
492.231232,493.261566,484.891632,2322400,489.854309
496.109894,500.227234,489.69519,2370500,493.464447
491.94281,500.475861,490.301849,2235700,498.128784
502.80304,502.912445,495.035797,2715800,499.043732
497.273468,505.408722,497.263519,2298300,505.299316
508.203339,509.695129,503.246613,2227900,504.125763
504.473846,516.437988,503.429596,2268700,515.204773
518.625977,533.394714,516.855713,2676900,531.465332
532.658752,539.202759,530.082947,2273000,536.994873
535.582642,536.05011,526.771179,1543700,532.280823
527.069519,527.795532,515.354004,1904000,515.791565
519.918884,520.127686,507.208801,1683800,507.208801
508.203339,508.292847,498.45697,4186400,507.865204
513.036743,536.915344,512.698608,5606400,531.594604
528.819885,530.082947,515.712036,2849800,525.587646
525.110291,530.480713,520.39624,2034800,526.343506
526.343506,529.756714,518.417114,1663700,519.898987
520.92334,525.607544,519.232666,1849800,524.692566
524.752258,534.259949,523.528992,1749400,528.093872
525.110291,529.088379,523.141113,1267800,524.941223
526.403198,534.757202,524.036194,1749900,534.001343
532.370361,535.503113,530.458862,1377800,533.036682
534.309692,541.838257,531.746765,1620200,539.958557
540.376282,546.900391,540.157471,1900300,546.00531
543.837219,546.989868,538.128662,1616800,539.86908
538.436951,542.504578,534.568237,1451600,536.746277
535.097717,540.140015,535.067932,991800,539.901306
540.157471,540.774109,532.867615,1444400,536.000366
533.116211,533.503113,526.512573,1457900,528.998901
527.099365,533.852173,525.358948,1005100,533.156006
532.967041,543.230591,532.514526,1826000,540.893433
540.237061,553.096313,538.536377,2311500,552.43988
551.206665,561.619385,549.874023,2410200,555.343933
557.46228,569.018677,555.692017,2129600,568.213074
567.327942,572.240906,563.419495,1704800,570.500488
568.740173,573.951538,564.901306,1718500,570.231995
571.872925,574.747131,570.27179,1389600,572.181274
571.733704,573.523865,563.658142,1659100,564.578125
563.757629,567.148926,560.450806,1062100,565.736694
561.161926,561.758606,551.694031,1772400,551.972473
552.101746,555.085327,547.666138,1820800,548.163452
550.480652,553.325012,547.447388,1389600,552.469727
550.470703,555.343933,541.241516,1703600,544.324585
547.934692,553.802368,543.01178,1641000,551.47522
548.690552,550.769104,545.000854,1803200,547.825317
549.476196,556.71637,544.006287,2130200,556.437866
556.328491,557.730774,553.101257,1197300,554.936157
558.576111,558.645752,555.990356,2616900,557.293213
557.362793,559.282227,552.787964,1630100,555.751648
559.48114,571.445313,558.13855,2583300,567.069397
567.377686,569.128052,555.682068,2152300,555.726807
554.53833,555.841187,547.636353,1572600,552.131592
549.97345,552.240967,545.130127,1894400,545.338989
548.601013,550.440918,545.169922,1287500,549.008789
546.989868,551.674133,543.727844,1588000,545.000854
545.597534,548.123657,536.547363,1952900,539.590576
537.889954,537.889954,530.925293,1716400,532.59906
529.30719,535.463318,526.671692,1324400,533.827332
535.135132,539.71991,533.066528,1302900,534.080933
535.433472,540.873535,535.433472,1178500,538.645813
538.06897,538.983948,532.559326,1557900,537.820374
539.322083,539.322083,534.369324,1409500,537.054565
535.463318,541.082397,534.369324,1645300,536.219177
533.315125,534.62793,525.201782,2597300,527.487183
525.808838,531.805847,520.358765,2325200,529.617859
526.999878,532.658752,526.711487,1299900,530.87854
525.766663,526.940247,518.158569,2144100,521.181885
522.72345,533.156006,521.629456,1679300,532.44989
534.570618,536.440369,530.756592,1849800,531.049988
531.475281,538.118713,528.839783,1593600,536.413086
538.039124,547.944641,537.273376,4184900,544.006287
563.00177,568.01416,554.200195,4932500,561.967468
563.390015,565.950012,553.200012,2398000,555.369995
554.640015,556.02002,550.366028,1491000,553.679993
550.469971,553.679993,546.905029,1698800,549.080017
547.869995,548.590027,535.049988,2082200,537.340027
538.429993,539.539978,532.099976,1768200,537.900024
538.530029,544.070007,535.059998,1308000,540.780029
538.210022,539.73999,530.390991,1383100,530.799988
531.23999,532.380005,521.085022,1567000,524.219971
523.98999,533.460022,521.75,1546300,530.700012
536.650024,541.150024,525,1527600,538.219971
538.369995,541.97998,535.400024,905300,535.700012
531.599976,533.208984,525.26001,1634200,529.039978
530.559998,534.322021,528.655029,1252300,529.619995
533.77002,539,532.409973,1403900,538.400024
539.179993,539.273987,530.380005,1971300,533.849976
532.01001,534.820007,528.849976,1998600,532.299988
533.97998,540.659973,533.039978,1966900,537.359985
538.48999,542.919983,532.971985,1430800,539.27002
537.950012,543.840027,535.97998,1462700,542.51001
540.150024,544.190002,539.51001,1176200,540.109985
538.119995,539,529.880005,2406500,532.320007
532.799988,540.549988,531.710022,1525000,539.789978
538.01001,540.609985,536.25,1029800,539.780029
537.369995,538.630005,531.450012,2584900,532.109985
536.789978,536.789978,529.76001,1904300,533.98999
532.929993,543,531.330017,1934700,539.179993
539.909973,543.5,537.109985,1717000,540.309998
537.76001,540.590027,534.320007,1348300,536.700012
536.349976,537.200012,532.52002,1388200,533.330017
533.309998,534.119995,526.23999,1520600,526.830017
527.559998,529.200012,523.01001,1455300,526.690002
529.359985,538.359985,529.349976,1815000,536.690002
538.424988,538.97998,533.02002,1217500,534.609985
531.599976,533.119995,530.159973,955800,532.330017
528,528.299988,524,1632700,527.200012
528.400024,529.640015,525.559998,1071800,528.150024
529.369995,530.97998,525.099976,1294200,529.26001
531,538.150024,530.789978,1833100,536.72998
537.210022,538.25,533.01001,1893500,536.690002
539.590027,543.73999,537.530029,1250300,538.190002
539.640015,541.499023,535.25,1197500,540.47998
540,540,535.659973,1286600,537.840027
538.869995,540.900024,535.22998,1335700,535.22998
537.26001,537.76001,531.349976,2109100,531.690002
525.01001,528.609985,520.539978,1937800,521.52002
526.02002,526.25,520.5,2235600,520.51001
524.72998,525.690002,518.22998,1961000,521.840027
521.080017,524.650024,521.080017,1235900,523.400024
519.5,525.25,519,1280500,522.859985
523.130005,526.179993,515.179993,1597200,525.02002
521.049988,522.734009,516.109985,1296700,516.830017
523.119995,523.77002,520.349976,1842300,520.679993
526.289978,532.559998,525.549988,1956700,530.130005
532.880005,547.109985,532.400024,2206500,546.549988
546.76001,565.848999,546.710022,3244100,561.099976
560.130005,566.502991,556.789978,1784600,560.219971
565.119995,580.679993,565,4768300,579.849976
649,674.468018,645,11164900,672.929993
659.23999,668.880005,653.01001,5860900,663.02002
655.210022,673,654.299988,3377200,662.299988
660.890015,678.640015,659,3929300,662.099976
661.27002,663.630005,641,3029100,644.280029
647,648.169983,622.52002,3625700,623.559998
621,634.299988,620.5,2675400,627.26001
632.830017,632.830017,623.309998,1727300,628
628.799988,633.359985,622.650024,1575100,631.929993
630,635.219971,622.049988,1474200,632.590027
631.380005,632.909973,625.5,1706100,625.609985
625.340027,633.05603,625.340027,1304500,631.210022
628.419983,634.809998,627.159973,1490900,629.25
634.330017,647.859985,633.159973,2334300,643.780029
645,645.379028,632.25,1572600,642.679993
640.22998,642.679993,629.710022,1403900,635.299988
639.47998,643.440002,631.249023,1809200,633.72998
669.200012,674.900024,654.27002,5000900,660.780029
663.080017,665,652.289978,2936700,659.559998
659.322021,664.5,651.661011,1810700,656.450012
655.01001,659.85498,652.659973,1069900,657.119995
656.799988,661.380005,651.23999,1051700,660.869995
661.900024,664,653.460022,1456100,656.130005
656.599976,667,654.190002,2134100,660.900024
655.460022,662.98999,642.900024,2855300,646.830017
639.780029,640.049988,612.330017,4265200,612.47998
573,599.330017,565.049988,5770300,589.609985
614.909973,617.450012,581.109985,3538000,582.059998
610.349976,631.710022,599.049988,4235900,628.619995
639.400024,643.590027,622,3491300,637.609985
632.820007,636.880005,624.559998,1978700,630.380005
627.539978,635.799988,617.679993,2161200,618.25
602.359985,612.859985,594.099976,3702100,597.789978
605.590027,614.340027,599.710022,2575600,614.340027
617,619.710022,602.820984,1759600,606.25
600,603.469971,595.25,2089000,600.700012
612.48999,616.309998,604.119995,2279500,614.659973
621.219971,626.52002,609.599976,1693900,612.719971
613.099976,624.159973,611.429993,1905300,621.349976
619.75,625.780029,617.419983,1373500,625.77002
625.700012,625.859985,619.429993,1702300,623.23999
626.700012,638.700012,623.780029,2082100,635.140015
635.469971,637.950012,632.320007,1286500,635.97998
637.789978,650.900024,635.02002,2274700,642.900024
636.789978,640,627.02002,5087600,629.25
634.400024,636.48999,625.940002,1788500,635.440002
627,627.549988,615.429993,2562900,622.690002
622.049988,628.929993,620,1470900,622.359985
616.640015,627.320007,612.400024,2240100,625.799988
629.77002,629.77002,611,2174000,611.969971
610.340027,614.60498,589.380005,3127700,594.890015
597.280029,605,590.219971,2309500,594.969971
603.280029,608.76001,600.72998,2403800,608.419983
608.369995,612.090027,599.849976,1867600,611.289978
607.200012,627.340027,603.130005,2684800,626.909973
632,643.01001,627,1803600,641.469971
638.840027,649.25,636.530029,2166300,645.440002
649.23999,650.609009,632.150024,2092700,642.359985
641.359985,644.450012,625.559998,2182100,639.159973
640,645.98999,635.317993,1648700,643.609985
642.090027,648.5,639.01001,1275200,646.669983
643.150024,657.812012,643.150024,1807700,652.299988
653.210022,659.390015,648.849976,1415500,651.159973
654.659973,663.130005,654.460022,1885700,661.73999
664.109985,664.969971,657.200012,1611100,662.200012
661.179993,666.820007,659.580017,1477300,666.099976
664.039978,664.719971,644.195007,2490000,650.280029
654.150024,655.869995,641.72998,1791100,642.609985
646.700012,657.799988,644.01001,4071000,651.789978
727.5,730,701.5,6653900,702
701.549988,719.150024,701.26001,2716600,712.780029
707.380005,713.619995,704.549988,2245800,708.48999
707.330017,712.97998,703.080017,2178900,712.950012
710.5,718.26001,710.01001,1454100,716.919983
715.72998,718,710.049988,1908800,710.809998
711.059998,721.619995,705.849976,1886300,721.109985
718.859985,724.650024,714.719971,1565400,722.159973
722,733.099976,721.900024,1704600,728.109985
729.469971,739.47998,729.469971,1861600,731.25
731.5,735.409973,727.01001,1511600,733.76001
730.200012,734.710022,719.429993,2069800,724.890015
724.400024,730.590027,718.5,1608000,728.320007
732.460022,741,730.22998,1366400,735.400024
731,737.799988,728.64502,1837200,731.22998
729.169983,731.150024,716.72998,2075500,717
715.599976,729.48999,711.330017,1905900,728.960022
729.289978,731.844971,723.026978,1510900,725.299988
727.580017,741.409973,727,1684300,740
738.73999,742,737.429993,1327100,738.409973
746.530029,757.919983,743,2212300,756.599976
757.450012,762.708008,751.820007,1414500,755.97998
752,755.278992,737.630005,2333100,748.280029
748.140015,752,746.059998,1122100,748.150024
748.460022,753.409973,747.48999,838500,750.26001
748.809998,754.929993,741.27002,2097600,742.599976
747.109985,768.950012,746.700012,2134600,767.039978
768.900024,775.955017,758.960022,2230400,762.380005
766.01001,768.994995,745.630005,2590600,752.539978
753.099976,768.48999,750,2757300,766.809998
767.77002,768.72998,755.090027,1812300,763.25
757.890015,764.799988,754.200012,1829500,762.369995
759.169983,764.22998,737.000977,2700000,751.609985
752.849976,755.849976,743.830017,1984900,749.460022
741.159973,745.710022,736.75,2224400,738.869995
741.789978,748.72998,724.169983,2412500,747.77002
753,758.080017,743.01001,2666200,743.400024
750,760.590027,739.434998,1993300,758.090027
762.419983,762.679993,749,1553400,749.429993
746.51001,754.130005,738.150024,3148700,739.309998
746.130005,750,740,1525700,747.77002
751.650024,754.849976,745.530029,1365400,750
753.469971,754.210022,744,1565900,750.309998
749.549988,751.349976,746.619995,527200,748.400024
752.919983,762.98999,749.52002,1515300,762.51001
766.690002,779.97998,766.429993,1765000,776.599976
776.599976,777.599976,766.900024,1293300,771
769.5,769.5,758.340027,1500900,758.880005
743,744.059998,731.257996,3272800,741.840027
746.450012,752,738.640015,1950700,742.580017
730,747.179993,728.919983,1947000,743.619995
730.309998,738.5,719.059998,2963700,726.390015
731.450012,733.22998,713,2450900,714.469971
716.609985,718.85498,703.539978,2089300,716.030029
721.679993,728.75,717.317017,2024500,726.070007
730.849976,734.73999,698.609985,2501700,700.559998
705.380005,721.924988,689.099976,2225800,714.719971
692.289978,706.73999,685.369995,3608100,694.450012
703.299988,709.97998,693.409973,2268100,701.789978
688.609985,706.849976,673.26001,3445000,698.450012
702.179993,719.190002,694.460022,2412200,706.590027
723.599976,728.130005,720.120972,2011800,725.25
723.580017,729.679993,710.01001,1711700,711.669983
713.849976,718.280029,706.47998,1324300,713.039978
713.669983,718.234985,694.390015,2194200,699.98999
722.219971,733.690002,712.349976,2676400,730.960022
731.530029,744.98999,726.799988,3474300,742.950012
750.460022,757.859985,743.27002,5139200,752
784.5,789.869995,764.650024,6348100,764.650024
770.219971,774.5,720.5,6171000,726.950012
722.809998,727,701.859985,5145900,708.01001
703.869995,703.98999,680.150024,5105700,683.570007
667.849976,684.030029,663.059998,4247400,682.73999
672.320007,699.900024,668.77002,3604300,678.109985
686.859985,701.309998,682.130005,2638000,684.119995
675,689.349976,668.867981,3024000,683.109985
690.26001,693.75,678.599976,2141400,682.400024
692.97998,698,685.049988,2520000,691
698.090027,709.75,691.380005,2492600,708.400024
710,712.349976,696.030029,1883200,697.349976
695.030029,703.080994,694.049988,1589300,700.909973
707.450012,713.23999,702.51001,1949800,706.460022
701.450012,708.400024,693.580017,2009300,695.849976
688.919983,700,680.780029,1963600,699.559998
700.01001,705.97998,690.585022,1631900,705.75
708.580017,713.429993,700.859985,2243500,705.070007
700.320007,710.890015,697.679993,2481100,697.77002
703.619995,718.809998,699.77002,2151400,718.809998
719,720,712,1629000,718.849976
718.679993,719.450012,706.02002,1956800,712.419983
714.98999,716.48999,706.02002,1972100,710.890015
706.900024,708.091003,686.900024,2985100,695.159973
688.590027,703.789978,685.340027,2076300,693.969971
698.469971,705.679993,694,1421500,705.23999
708.119995,716.440002,703.359985,2829400,712.820007
720,726.919983,717.125,1970800,726.820007
726.809998,735.5,725.150024,1718300,730.48999
726.919983,732.289978,724.77002,1721000,728.330017
726.369995,737.469971,724.51001,1624400,736.090027
736.450012,743.070007,736,1860800,737.780029
741.859985,742,731.830017,2980700,737.599976
736.5,742.5,733.515991,1836500,742.090027
737.460022,745,737.460022,1269700,740.75
742.359985,745.719971,736.150024,1432100,738.059998
732.01001,737.747009,731,1594900,735.299988
736.789978,738.98999,732.5,1301300,733.530029
734.590027,747.25,728.76001,1902100,744.77002
750.099976,757.880005,748.73999,1782400,750.530029
749.25,750.849976,740.940002,1718800,744.950012
738.599976,750.340027,737,1576700,749.909973
750.059998,752.799988,742.429993,1134200,745.289978
738,742.799988,735.369995,1132300,737.799988
735.77002,746.23999,735.559998,1050200,745.690002
745.369995,747,736.280029,1453200,740.280029
743.969971,745.450012,735.549988,1290800,739.150024
743.02002,745,736.049988,1220100,736.099976
738,743.830017,731.01001,1349700,743.090027
749.159973,754.380005,744.260986,1707100,751.719971
754.01001,757.309998,752.705017,1131000,753.200012
753.97998,761,752.69397,1809300,759
760.460022,768.049988,757.299988,1556000,766.609985
769.51001,769.900024,749.330017,2030500,753.929993
758,758.132019,750.01001,1529200,752.669983
755.380005,760.450012,749.549988,3060500,759.140015
726.299988,736.119995,713.609985,5951900,718.77002
716.099976,723.929993,715.590027,1959200,723.150024
725.419983,725.765991,703.026001,2744600,708.140015
707.289978,708.97998,692.36499,3098600,705.840027
708.26001,714.169983,689.549988,2867300,691.02002
690.700012,697.619995,689,2487700,693.01001
697.630005,700.640015,691,1645300,698.210022
696.869995,697.840027,692,1543800,692.359985
690.48999,699.75,689.01001,1688600,695.700012
697.700012,702.320007,695.719971,1683500,701.429993
698.380005,711.859985,698.106995,1829300,711.119995
712,718.710022,710,1510300,712.900024
716.75,723.5,715.719971,1563100,723.179993
723.409973,724.47998,712.799988,1692100,715.289978
717.059998,719.25,709,1360700,713.309998
711.929993,716.661987,709.26001,1314500,710.830017
709.130005,718.47998,705.650024,1317100,716.48999
715.98999,721.52002,704.109985,2001200,706.22998
703.669983,711.599976,700.630005,1766800,706.630005
702.359985,706,696.799988,1670200,700.320007
701.619995,714.580017,700.52002,1828400,709.73999
706.530029,711.478027,704.179993,1320900,704.23999
706.859985,720.969971,706.859985,1929500,720.090027
720.76001,727.51001,719.705017,1629200,725.27002
722.869995,728.330017,720.280029,1542900,724.119995
724.01001,733.935974,724,1975000,732.659973
731.73999,739.72998,731.26001,2129500,735.719971
734.530029,737.210022,730.659973,1253600,734.150024
732.5,733.02002,724.169983,1337600,730.400024
729.27002,729.48999,720.559998,1226300,722.340027
724.909973,724.909973,714.609985,1565300,716.549988
719.840027,721.97998,716.549988,1336200,716.650024
723.960022,728.570007,720.580017,1583700,728.280029
722.869995,729.539978,722.335999,988900,728.580017
719.469971,725.890015,716.429993,1216400,719.409973
716.51001,725.440002,716.51001,1258900,718.359985
716.47998,722.469971,713.119995,1306100,718.27002
719,722.97998,717.309998,1214500,718.919983
714.909973,716.650024,703.26001,1982500,710.359985
708.650024,708.820007,688.452026,3402400,691.719971
698.77002,702.47998,693.409973,2082500,693.710022
698.400024,702.77002,692.01001,1465600,695.940002
699.059998,700.859985,693.08197,1184300,697.460022
697.450012,701.950012,687,2171400,701.869995
675.169983,689.400024,673.450012,4449000,675.219971
671,672.299988,663.283997,2629000,668.26001
678.969971,680.330017,673,2173800,680.039978
683,687.429016,681.409973,1932600,684.109985
685.469971,692.320007,683.650024,1597700,692.099976
692.200012,700.650024,692.130005,1344700,699.210022
696.059998,696.940002,688.880005,1462600,694.950012
689.97998,701.679993,689.090027,1411900,697.77002
698.080017,698.200012,688.215027,1303100,695.359985
699.5,705.710022,696.434998,1575200,705.630005
708.049988,716.51001,707.23999,1111800,715.090027
719.119995,722.940002,715.909973,1336900,720.640015
723.619995,724,716.849976,935900,716.97998
721.580017,722.210022,718.030029,950200,720.950012
725.72998,725.73999,719.054993,1279300,719.849976
722.710022,736.130005,721.190002,1295500,733.780029
729.890015,736.98999,729,1227500,736.960022
737.330017,742.130005,737.099976,1289700,741.190002
740.359985,741.690002,735.830994,1026300,738.630005
741.859985,743.23999,736.559998,1259800,742.73999
740.669983,742.609985,737.5,1032400,739.77002
739.039978,741.690002,734.27002,1186700,738.419983
738.280029,744.460022,737,1497100,741.77002
747.039978,748.650024,739.299988,3530200,745.909973
772.710022,778.549988,766.77002,3841500,768.789978
761.090027,780.429993,761.090027,2700500,772.880005
768.690002,775.840027,767.849976,1784500,771.070007
767.179993,773.210022,766.820007,1287400,773.179993
772.219971,774.070007,768.794983,1139400,771.609985
773.780029,783.039978,772.340027,1801200,782.219971
782,782.630005,778.091003,1107900,781.76001
781.099976,788.940002,780.570007,1318900,784.26001
783.75,786.812012,782.778015,786400,784.679993
785,789.75,782.969971,971100,784.849976
781.5,783.39502,780.400024,740500,783.219971
783.75,787.48999,780.109985,938200,782.440002
780.299988,780.97998,773.44397,1028000,777.140015
777.320007,780.809998,773.530029,924200,779.909973
780.01001,782.859985,777,719400,777.5
775,777.099976,773.130005,861500,775.419983
773.27002,774.539978,770.049988,951400,772.150024
775.47998,776.440002,771.784973,928200,772.080017
770.580017,774.5,767.070007,1072000,769.640015
767,771.890015,763.184998,926900,769.409973
769,776.080017,765.849976,1166700,769.539978
768.73999,774.98999,766.61499,841000,772.150024
769.330017,774.466003,766.840027,1130000,769.090027
767.01001,769.090027,765.380005,1248600,767.049988
769.25,771.02002,764.299988,925100,768.780029
773.01001,773.919983,768.409973,1072700,771.460022
773.450012,782,771,1442800,780.080017
780,782.72998,776.200012,893700,780.349976
778.590027,780.349976,773.580017,1260600,775.320007
770.099976,773.244995,759.659973,1885500,759.659973
755.130005,770.289978,754,1311000,769.02002
764.47998,766.219971,755.799988,1395000,759.690002
759.609985,767.679993,759.109985,1087400,762.48999
762.890015,773.799988,759.960022,1305100,771.76001
769.75,769.75,764.659973,2049300,768.880005
772.419983,774,764.440979,1171100,765.700012
769,773.330017,768.530029,978600,771.409973
772.659973,777.159973,768.301025,1167800,776.219971
780,789.849976,778.440002,1486200,787.210022
786.590027,788.929993,784.150024,1411900,786.900024
782.73999,782.73999,773.070007,1533200,774.210022
775.5,785.98999,774.307983,1153200,783.01001
777.849976,781.809998,774.969971,1109800,781.559998
781.440002,785.799988,774.231995,1314700,775.01001
776.330017,780.940002,774.090027,1585300,777.289978
774.25,776.065002,769.5,1278800,772.559998
776.030029,778.710022,772.890015,1201400,776.429993
779.309998,782.070007,775.650024,1461200,776.469971
779,780.47998,775.539978,1070700,776.859985
779.659973,779.659973,770.75,933200,775.080017
777.710022,789.380005,775.869995,1161400,785.940002
786.659973,792.280029,780.580017,1372500,783.070007
783.76001,788.130005,782.059998,937400,786.140015
781.219971,781.219971,773,1365300,778.190002
781.650024,783.950012,776,852500,778.530029
779.799988,785.849976,777.5,1093000,779.960022
787.849976,801.609985,785.565002,1995600,795.26001
798.23999,804.599976,798.030029,1766800,801.5
803.299988,803.969971,796.030029,1757500,796.969971
795,799.5,794,1266200,799.369995
804.900024,815.179993,804.820007,1697500,813.109985
816.679993,816.679993,805.140015,1576400,807.669983
806.340027,806.97998,796.320007,1647700,799.070007
801,803.48999,791.5,2749200,795.349976
808.349976,815.48999,793.590027,4269900,795.369995
795.469971,796.859985,784,2427300,784.539978
782.890015,789.48999,775.539978,2406400,783.609985
778.200012,781.650024,763.450012,1872400,768.700012
767.25,769.950012,759.030029,1943200,762.130005
750.659973,770.359985,750.560974,2134800,762.02002
774.5,785.190002,772.549988,1585100,782.52002
783.400024,795.632996,780.190002,1350800,790.51001
779.940002,791.22699,771.669983,2607100,785.309998
791.169983,791.169983,752.179993,4745200,762.559998
756.539978,760.780029,750.380005,2431800,754.02002
755.599976,757.849976,727.539978,3631700,736.080017
746.969971,764.416016,746.969971,2384000,758.48999
755.200012,766.359985,750.51001,1465200,764.47998
766.919983,772.700012,764.22998,1304000,771.22998
771.369995,775,760,1547100,760.539978
762.609985,769.700012,760.599976,1330600,769.200012
772.630005,776.960022,767,1593100,768.27002
767.72998,768.28302,755.25,1477400,760.98999
764.26001,765,760.52002,587400,761.679993
760,779.530029,759.799988,2188200,768.23999
771.530029,778.5,768.23999,1616600,770.840027
770.070007,772.98999,754.830017,2392900,758.039978
757.440002,759.849976,737.025024,3017900,747.919983
744.590027,754,743.099976,1452500,750.5
757.710022,763.900024,752.900024,1394200,762.52002
764.72998,768.830017,757.340027,1690700,759.109985
761,771.359985,755.799988,1761000,771.190002
772.47998,778.179993,767.22998,1488100,776.419983
780,789.429993,779.020996,1821900,789.289978
785.039978,791.25,784.35498,2104100,789.27002
793.900024,804.380005,793.340027,2145200,796.099976
797.400024,804,794.01001,1704200,797.070007
797.340027,803,792.919983,1626500,797.849976
800.400024,800.856018,790.289978,2428300,790.799988
790.219971,797.659973,786.27002,1232100,794.200012
796.76001,798.650024,793.27002,951000,796.419983
795.840027,796.676025,787.099976,1211300,794.559998
792.359985,793.320007,788.580017,972200,791.26001
790.900024,792.73999,787.280029,623400,789.909973
790.679993,797.859985,787.656982,789100,791.549988
793.700012,794.22998,783.200012,1153800,785.049988
783.330017,785.929993,778.919983,742200,782.789978
782.75,782.780029,770.409973,1770000,771.820007
778.809998,789.630005,775.799988,1657300,786.140015
788.359985,791.340027,783.159973,1073000,786.900024
786.080017,794.47998,785.02002,1335200,794.02002
795.26001,807.900024,792.203979,1640200,806.150024
806.400024,809.966003,802.830017,1272400,806.650024
807.859985,809.130005,803.51001,1176800,804.789978
805,808.150024,801.369995,1065900,807.909973
807.140015,807.390015,799.169983,1353100,806.359985
807.47998,811.223999,806.690002,1099200,807.880005
807.080017,807.140015,800.369995,1355800,804.609985
805.809998,806.205017,800.98999,1294400,806.070007
805.119995,809.47998,801.799988,919300,802.174988
806.909973,806.909973,801.690002,1670000,805.02002
807.25,820.869995,803.73999,1963600,819.309998
822.299988,825.900024,817.820984,1474000,823.869995
829.619995,835.77002,825.059998,1494500,835.669983
837.809998,838,827.01001,2973900,832.150024
834.710022,841.950012,820.440002,2965800,823.309998
814.659973,815.840027,799.799988,3246600,802.320007
796.859985,801.25,790.52002,2160600,796.789978
799.679993,801.190002,791.190002,2029700,795.695007
793.799988,802.700012,792,1532100,798.530029
802.98999,806,800.369995,1463400,801.48999
799.700012,801.669983,795.25,1184500,801.340027
803.98999,810.5,801.780029,1241200,806.969971
807,811.840027,803.190002,1155300,808.380005
809.51001,810.659973,804.539978,989700,809.559998
811.700012,815.25,809.780029,1135000,813.669983
816,820.958984,815.48999,1213300,819.23999
819,823,816,1053600,820.450012
819.359985,823,818.469971,1313600,818.97998
819.929993,824.400024,818.97998,1287600,824.159973
823.02002,828.070007,821.655029,1611000,828.070007
828.659973,833.450012,828.349976,1262300,831.659973
828.659973,833.25,828.640015,982900,830.76001
830.119995,832.460022,822.880005,1472800,831.330017
827.72998,829,824.200012,1392200,828.640015
824.549988,830.5,824,1101500,829.280029
825.609985,828.539978,820.200012,2260800,823.210022
828.849976,836.255005,827.26001,1496500,835.23999
833.849976,834.51001,829.640015,942500,830.630005
830.559998,831.359985,825.750977,896400,829.080017
826.950012,828.880005,822.400024,1109000,827.780029
827.400024,833.409973,826.52002,1037600,831.909973
833.51001,838.150024,831.789978,989800,835.369995
836,842,834.210022,1261500,838.679993
843.280029,844.909973,839.5,1704000,843.25
844,848.684998,843.25,1223600,845.539978
843.640015,847.23999,840.799988,779900,845.619995
847.590027,848.630005,840.77002,1381500,847.200012
849.030029,850.849976,846.130005,977600,848.780029
851.609985,853.400024,847.109985,1712300,852.119995
850.01001,850.219971,845.150024,1231500,848.400024
851.400024,853.5,829.02002,2463500,830.460022
831.909973,835.549988,827.179993,1401500,829.590027
821,822.570007,812.257019,3487100,817.580017
820.080017,821.929993,808.890015,1981000,814.429993
806.950012,821.630005,803.369995,1894300,819.51001
820.409973,825.98999,814.026978,1620500,820.919983
825,832.765015,822.380005,1786300,831.409973
833.5,833.679993,829,1055300,831.5
828.969971,831.640015,827.390015,1401900,829.559998
829.219971,840.849976,829.219971,1671500,838.549988
831.359985,835.179993,829.036011,1045400,834.570007
835.51001,842.450012,830.719971,1555300,831.409973
832.400024,836.390015,826.460022,1254400,827.880005
827.960022,828.484985,820.513,1057300,824.669983
825.390015,829.349976,823.77002,978900,824.72998
824.710022,827.427002,817.02002,1079700,823.349976
821.929993,826.659973,821.02002,900500,824.320007
822.140015,826.380005,821.440002,1122400,823.559998
825.01001,837.75,824.469971,895000,837.169983
834.219971,838.929993,832.710022,836700,836.820007
839.789978,842.219971,836.289978,954200,838.210022
841.440002,845.200012,839.320007,959000,841.650024
842.880005,843.880005,840.599976,1323600,843.190002
851.200012,863.450012,849.859985,1372500,862.76001
865,875,862.809998,1672000,872.299988
874.22998,876.049988,867.747986,1237200,871.72998
873.599976,875.400024,870.380005,2026800,874.25
910.659973,916.849976,905.77002,3219500,905.960022
901.940002,915.679993,901.450012,2116000,912.570007
909.619995,920.77002,909.453003,1587200,916.440002
914.859985,928.099976,912.54303,1499500,927.039978
926.070007,935.929993,924.590027,1422100,931.659973
933.539978,934.900024,925.200012,1911300,927.130005
926.119995,936.924988,925.26001,1329800,934.299988
936.950012,937.5,929.530029,1581800,932.169983
931.97998,932,925.159973,1173900,928.780029
925.320007,932.530029,923.030029,835000,930.599976
931.530029,933.440002,927.849976,1050600,932.219971
932.950012,938.25,929.340027,1108100,937.080017
940,943.109985,937.580017,969500,943
935.669983,939.333008,918.140015,2362100,919.619995
921,933.169983,918.75,1596900,930.23999
931.469971,937.755005,931,1393000,934.01001
935,941.882996,935,1120400,941.859985
947.919983,951.46698,942.575012,1270800,948.820007
952.97998,955.090027,949.5,1024800,954.960022
957.330017,972.629028,955.469971,1660500,969.539978
969.700012,974.97998,965.030029,1252000,971.469971
970.309998,976.200012,969.48999,1466700,975.880005
975.02002,979.27002,960.179993,2448100,964.859985
968.950012,971.5,960.01001,1410500,966.950012
969.460022,975.880005,966,1751000,975.599976
976.549988,986.909973,975.099976,1252100,983.679993
983.159973,988.25,975.140015,1814600,976.570007
980,983.97998,975.940002,1453900,980.940002
982.349976,984.570007,977.200012,1471500,983.409973
984.5,984.5,935.630005,3309400,949.830017
939.559998,949.35498,915.232971,3763500,942.900024
951.909973,959.97998,944.090027,2013300,953.400024
959.919983,961.150024,942.25,1489700,950.76001
933.969971,943.338989,924.440002,2133100,942.309998
940,942.039978,931.594971,3094700,939.780029
949.960022,959.98999,949.049988,1533300,957.369995
957.52002,961.619995,950.01001,1126000,950.630005
953.640015,960.099976,950.76001,1202200,959.450012
958.700012,960.719971,954.549988,941400,957.090027
956.830017,966,954.200012,1527900,965.590027
969.900024,973.309998,950.789978,1598400,952.27002
942.460022,948.289978,926.849976,2579900,927.330017
929,942.75,916,2721400,940.48999
929.919983,931.26001,910.619995,3299200,917.789978
926.049988,926.049988,908.309998,2090200,908.72998
912.179993,913.940002,894.789978,1709800,898.700012
901.76001,914.51001,898.5,1813900,911.710022
904.119995,914.94397,899.700012,1424500,906.690002
908.849976,921.539978,908.849976,1637800,918.590027
921.77002,930.380005,919.590027,1192800,928.799988
929.539978,931.429993,922,1113200,930.090027
938.679993,946.299988,934.469971,1532100,943.830017
946.289978,954.450012,943.01001,1294700,947.159973
952,956.909973,948.005005,1053800,955.98999
957,960.73999,949.241028,1165500,953.419983
953,968.039978,950.599976,1154000,965.400024
967.840027,973.039978,964.030029,1224500,970.890015
975,975.900024,961.51001,1624500,968.150024
962.25,973.22998,960.150024,1711000,972.919983
972.219971,986.200012,970.77002,3248300,980.340027
953.809998,959.700012,945.400024,4661000,950.700012
954.679993,955,942.278992,2088300,947.799988
951.780029,951.780029,920,3213000,934.090027
929.400024,943.830017,927.5,1846400,941.530029
941.890015,943.590027,926.039978,1970100,930.5
932.380005,937.447021,929.26001,1277700,930.830017
928.609985,932.599976,916.679993,1824400,930.390015
930.340027,932.23999,922.23999,1202500,923.650024
926.75,930.307007,923.030029,1082300,927.960022
929.059998,931.700012,926.5,1032200,929.359985
927.090027,935.814026,925.609985,1061600,926.789978
920.609985,925.97998,917.25,1192100,922.900024
917.549988,919.26001,906.130005,1824000,907.23999
907.969971,917.780029,905.580017,1206800,914.390015
922.530029,924.66803,918.190002,1064500,922.669983
924.22998,926.549988,919.820007,883400,922.219971
925.289978,932.700012,923.445007,1006700,926.960022
925.780029,926.859985,910.97998,1277200,910.97998
910.309998,915.275024,907.153992,1342700,910.669983
910,913,903.400024,943400,906.659973
912.719971,925.859985,911.474976,1166700,924.690002
921.929993,929.929993,919.359985,1090200,927
928.659973,930.840027,915.5,1270300,921.280029
923.48999,925.554993,915.5,1053400,915.890015
916,919.244995,911.869995,1086500,913.809998
905.099976,923.330017,905,1185600,921.289978
920.049988,930.81897,919.650024,1301200,929.570007
931.76001,941.97998,931.76001,1582600,939.330017
941.130005,942.47998,935.150024,947400,937.340027
933.080017,937,921.960022,1326400,928.450012
930.150024,930.914978,919.27002,1527700,927.809998
931.72998,936.409973,923.619995,1212700,935.950012
936.48999,936.98999,924.880005,1011500,926.5
934.25,938.380005,926.919983,1267000,929.080017
932.590027,933.47998,923.861023,1134400,932.070007
930.659973,937.25,929.859985,1102600,935.090027
931.25,932.77002,924,1397600,925.109985
924.659973,926.48999,916.359985,2505400,920.289978
920.01001,922.080017,910.599976,1306900,915
917.419983,922.419983,912.549988,936700,921.809998
922.97998,933.880005,922,1669800,931.580017
933,936.530029,923.830017,1290600,932.450012
927.75,934.72998,926.47998,1052700,928.530029
925.450012,926.400024,909.700012,1856800,920.969971
923.719971,930.820007,921.140015,1666900,924.859985
927.73999,949.900024,927.73999,2239400,944.48999
941.359985,950.690002,940.549988,1020300,949.5
952,959.786011,951.51001,1581000,959.109985
959.97998,962.539978,947.840027,1283400,953.27002
954,958,949.140015,888300,957.789978
957,960.390015,950.690002,952400,951.679993
955.48999,970.909973,955.179993,1213800,969.960022
966.700012,979.460022,963.359985,1173900,978.890015
980,985.424988,976.109985,891400,977
980,981.570007,966.080017,968400,972.599976
973.719971,990.710022,972.25,1693300,989.25
987.450012,994.119995,985,1262400,987.830017
992,997.210022,989,1169800,989.679993
992.099976,993.906982,984,910500,992
990.289978,996.440002,988.590027,1290200,992.179993
991.77002,996.719971,986.974976,1057600,992.809998
986,988.880005,978.390015,1313600,984.450012
989.440002,991,984.580017,1183200,988.200012
989.52002,989.52002,966.119995,1478400,968.450012
970,972.22998,961,1212200,970.539978
968.369995,976.090027,960.52002,1211300,973.330017
980,987.599976,972.200012,2042100,972.559998
1009.190002,1048.390015,1008.200012,5167700,1019.27002
1014,1024.969971,1007.5,2085100,1017.109985
1015.219971,1024,1010.419983,1330700,1016.640015
1017.210022,1029.670044,1016.950012,1373400,1025.5
1021.76001,1028.089966,1013.01001,1049000,1025.579956
1022.109985,1032.650024,1020.309998,1076400,1032.47998
1028.98999,1034.869995,1025,1125200,1025.900024
1027.27002,1033.969971,1025.130005,1112300,1033.329956
1030.52002,1043.521973,1028.449951,1088700,1039.849976
1033.98999,1033.98999,1019.666016,1245200,1031.26001
1026.459961,1030.76001,1025.280029,720000,1028.069946
1023.419983,1031.579956,1022.570007,885800,1025.75
1022.590027,1026.810059,1014.150024,959200,1026
1019.210022,1024.089966,1015.419983,854000,1020.909973
1022.52002,1035.920044,1022.52002,1129700,1032.5
1034.01001,1034.420044,1017.75,1397100,1019.090027
1020.26001,1022.609985,1017.5,953500,1018.380005
1023.309998,1035.109985,1022.655029,1097000,1034.48999
1035,1039.706055,1031.430054,746300,1035.959961
1035.869995,1043.177979,1035,537000,1040.609985
1040,1055.459961,1038.439941,1307900,1054.209961
1055.089966,1062.375,1040,1424400,1047.410034
1042.680054,1044.079956,1015.650024,2459400,1021.659973
1022.369995,1028.48999,1015,1724000,1021.409973
1015.799988,1022.48999,1002.02002,1909600,1010.169983
1012.659973,1016.099976,995.570007,1906400,998.679993
995.940002,1020.609985,988.280029,2067300,1005.150024
1001.5,1024.969971,1001.140015,1272000,1018.380005
1020.429993,1034.23999,1018.070984,1458200,1030.930054
1037.48999,1042.050049,1032.521973,1290800,1037.050049
1035.5,1043.800049,1032.050049,1192800,1041.099976
1039.630005,1050.310059,1033.689941,1279500,1040.47998
1046.119995,1046.665039,1038.380005,1282700,1040.609985
1045,1058.5,1043.109985,1558700,1049.150024
1054.609985,1067.619995,1049.5,3275900,1064.189941
1066.079956,1078.48999,1062,1554600,1077.140015
1075.199951,1076.839966,1063.550049,1338700,1070.680054
1071.780029,1073.380005,1061.52002,1268600,1064.949951
1064.949951,1069.329956,1061.793945,995700,1063.630005
1061.109985,1064.199951,1059.439941,755100,1060.119995
1058.069946,1060.119995,1050.199951,760600,1056.73999
1057.390015,1058.369995,1048.050049,1271900,1049.369995
1051.599976,1054.75,1044.77002,837100,1048.140015
1046.719971,1049.699951,1044.900024,887500,1046.400024
1048.339966,1066.939941,1045.22998,1237600,1065
1064.310059,1086.290039,1063.209961,1430200,1082.47998
1088,1093.569946,1084.001953,1004600,1086.400024
1094,1104.25,1092,1279100,1102.22998
1102.22998,1111.27002,1101.619995,1047600,1106.939941
1109.400024,1110.569946,1101.230957,902500,1106.26001
1097.099976,1104.599976,1096.109985,1042800,1102.609985
1106.300049,1106.525024,1099.589966,978300,1105.52002
1102.410034,1124.290039,1101.150024,1720500,1122.26001
1132.51001,1139.910034,1117.832031,1575300,1121.76001
1126.219971,1132.599976,1117.01001,1198700,1131.97998
1131.410034,1132.51001,1117.5,1198200,1129.790039
1131.829956,1137.859985,1128.300049,1778200,1137.51001
1137.48999,1159.880005,1135.109985,1618000,1155.810059
1159.849976,1171.626953,1158.75,1333100,1169.969971
1177.329956,1179.859985,1161.050049,1416600,1164.23999
1172.530029,1175.939941,1162.76001,1480500,1170.369995
1175.079956,1175.839966,1158.109985,2018800,1175.839966
1176.47998,1186.890015,1171.97998,1378900,1175.579956
1167.829956,1176.52002,1163.52002,1556300,1163.689941
1170.569946,1173,1159.130005,1538700,1169.939941
1162.609985,1174,1157.52002,2412100,1167.699951
1122,1123.069946,1107.277954,4857900,1111.900024
1090.599976,1110,1052.030029,3798300,1055.800049
1027.180054,1081.709961,1023.137024,3448000,1080.599976
1081.540039,1081.780029,1048.26001,2369200,1048.579956
1055.410034,1058.619995,1000.659973,2859100,1001.52002
1017.25,1043.969971,992.559998,3505900,1037.780029
1048,1061.5,1040.927979,2057700,1051.939941
1045,1058.369995,1044.087036,1265100,1052.099976
1048.949951,1071.719971,1046.75,1555800,1069.699951
1079.069946,1091.479004,1064.339966,1843400,1089.52002
1088.410034,1104.670044,1088.312988,1681600,1094.800049
1090.569946,1113.949951,1088.52002,1423100,1102.459961
1106.469971,1133.969971,1106.329956,1512900,1111.339966
1116.189941,1122.819946,1102.589966,1317200,1106.630005
1112.640015,1127.280029,1104.713989,1261000,1126.790039
1127.800049,1143.959961,1126.694946,1559100,1143.75
1141.23999,1144.040039,1118,1774100,1118.290039
1123.030029,1127.530029,1103.23999,1882600,1104.72998
1107.869995,1110.119995,1067.000977,2515900,1069.52002
1053.079956,1081.999023,1048.11499,2271600,1078.920044
1075.140015,1097.099976,1069,1202200,1090.930054
1099.219971,1101.849976,1089.775024,1532800,1095.060059
1089.189941,1112.219971,1085.482056,1292500,1109.640015
1115.319946,1127.599976,1112.800049,1355100,1126
1136,1160.800049,1132.46106,2128000,1160.040039
1163.849976,1177.050049,1157.420044,2172300,1164.5
1170,1176.76001,1133.329956,1907200,1138.170044
1145.209961,1158.589966,1141.439941,1291400,1149.48999
1149.959961,1161.079956,1134.540039,1395400,1149.579956
1154.140015,1155.880005,1131.959961,3092000,1135.72998
1120.01001,1121.98999,1089.01001,2805900,1099.819946
1099,1105.199951,1083.459961,1831900,1097.709961
1092.73999,1106.300049,1085.150024,1878900,1090.880005
1081.880005,1082.900024,1045.910034,2667000,1049.079956
1047.030029,1063.359985,1021.219971,2156700,1021.570007
1046,1055.630005,1008.400024,2665100,1053.209961
1063,1064.838989,996.919983,3095300,1005.099976
998,1024.22998,980.640015,3369300,1004.559998
1011.630005,1043,1002.900024,2726800,1031.790039
1022.820007,1034.800049,990.369995,2680400,1006.469971
1013.909973,1020.98999,994.070007,2275100,1013.409973
993.409973,1028.718018,993,2484700,1025.140015
1041.329956,1042.790039,1020.130981,1363000,1027.810059
1020,1031.420044,1003.030029,1746400,1007.039978
1016.799988,1039.599976,1014.080017,1751600,1015.450012
1026.439941,1036.280029,1011.340027,1974500,1031.640015
1027.98999,1031.364014,1015.869995,1483900,1019.969971
1025.040039,1040.689941,1021.434998,1357000,1032.51001
1040.880005,1046.420044,1022.97998,1223000,1029.27002
1037,1043.23999,1026.73999,1211200,1037.97998
1051.369995,1077.880005,1048.26001,2320300,1074.160034
1077.430054,1077.430054,1066.224976,1344100,1072.079956
1069.400024,1094.165039,1068.180054,1747700,1087.699951
1082,1092.349976,1069.569946,1889700,1072.959961
1077.859985,1082.719971,1060.699951,2341300,1067.449951
1052,1057,1010.590027,4760300,1019.97998
1025.52002,1032.48999,1015.309998,2391100,1021.179993
1029.51001,1047.97998,1018.190002,2079500,1040.040039
1046,1049.5,1025.589966,1619800,1030.050049
1030.01001,1037,1016.849976,1671300,1017.330017
1013.659973,1038.469971,1008.210022,1427900,1037.310059
1028.099976,1040.389038,1022.869995,1603100,1024.380005
1019,1029.675049,1006.289978,1815100,1023.719971
1016.900024,1048.51001,1016.900024,1938700,1048.209961
1049.22998,1061.680054,1047.099976,1466100,1054.790039
1058.540039,1060.550049,1047.14502,1217700,1053.910034
1058.099976,1085.439941,1056.36499,2032800,1082.76001
1086.030029,1100.439941,1085.640015,1443000,1097.569946
1093.599976,1101.329956,1090.910034,1253700,1098.26001
1100,1110.75,1099.109985,1518100,1100.199951
1090,1090.050049,1073.469971,1494900,1079.22998
1077.310059,1089.27002,1076.26001,1097300,1081.77002
1079.890015,1086.869995,1073.5,1043800,1078.589966
1061.859985,1069.939941,1060.680054,1565200,1066.359985
1074.060059,1088,1073.650024,1023200,1079.579956
1083.560059,1086.589966,1066.689941,1090000,1069.72998
1065.130005,1080.780029,1061.709961,1030000,1079.689941
1079,1080.469971,1066.150024,756800,1079.23999
1079.02002,1082.560059,1073.775024,899400,1075.660034
1064.890015,1073.369995,1055.219971,1856900,1060.319946
1063.030029,1069.209961,1056.829956,1138500,1067.800049
1067.560059,1097.189941,1067.560059,3088300,1084.98999
1099.349976,1120,1098.5,2412000,1119.5
1122.329956,1141.890015,1122.005005,1880000,1139.290039
1140.98999,1145.738037,1133.189941,1678000,1139.660034
1142.170044,1143,1125.743042,1698200,1136.880005
1131.319946,1135.819946,1116.52002,1520000,1123.859985
1118.180054,1126.670044,1112.150024,1290800,1120.869995
1118.599976,1137.26001,1118.599976,1079300,1129.98999
1131.069946,1139.790039,1130.734985,912000,1139.319946
1141.119995,1146.5,1133.380005,1506400,1134.790039
1143.849976,1155.469971,1140.640015,1343400,1152.119995
1148.859985,1153.420044,1143.484985,2122500,1152.26001
1143.650024,1174.310059,1143.589966,1413700,1173.459961
1158.5,1171.27002,1154.01001,1621000,1168.060059
1175.310059,1186.286011,1169.160034,1648500,1169.839966
1174.849976,1177.295044,1152.232056,1238100,1157.660034
1159.140015,1162.496948,1147.26001,1311000,1155.47998
1143.599976,1143.910034,1112.780029,2157300,1124.810059
1128,1133.209961,1116.659058,1563200,1118.459961
1121.339966,1131.83606,1103.619995,1293900,1103.97998
1102.089966,1122.310059,1096.01001,1072400,1114.219971
1120,1128.227051,1115,1315100,1115.650024
1099,1128,1093.800049,1217300,1127.459961
1135.819946,1135.819946,1100.02002,679000,1102.890015
1110.530029,1127.5,1108.47998,1066700,1124.27002
1123.579956,1140.930054,1120.737061,996100,1140.170044
1148.47998,1154.670044,1143.420044,909000,1154.050049
1156.97998,1159.589966,1149.589966,798400,1152.839966
1144.589966,1164.290039,1141,1120000,1153.900024
1159.890015,1184.410034,1155.935059,1251900,1183.47998
1185,1195.416992,1180,1221900,1188.819946
1189.390015,1191,1179.280029,1055700,1183.859985
1172.219971,1203.040039,1170.599976,1610400,1198.800049
1196.560059,1204.5,1190.339966,1393600,1195.880005
1191,1200,1183.319946,1276700,1186.959961
1186.959961,1196.859985,1184.219971,1247400,1184.910034
1181.01001,1206.48999,1181,2619200,1205.5
1262.589966,1266,1235.560059,3318200,1248.079956
1239.130005,1265.859985,1239.130005,2127800,1263.699951
1251,1269.770996,1249.02002,2405600,1268.329956
1271,1273.890015,1231,2130600,1238.5
1228.01001,1234.916016,1211.469971,1849900,1219.73999
1220.01001,1227.588013,1205.599976,1644700,1217.26001
1228,1233.469971,1210.209961,1567200,1220.01001
1205.900024,1229.880005,1204.790039,1531300,1226.150024
1229.619995,1230,1215.060059,1089600,1223.709961
1225,1226.088013,1215.796997,1081700,1224.77002
1237,1251.170044,1236.170044,1494000,1242.219971
1240.469971,1256.5,1238.008057,1370300,1245.609985
1249.900024,1255.541992,1246.01001,841800,1249.099976
1243,1245.694946,1232,1108700,1237.609985
1236.97998,1249.272949,1233.640991,958100,1235.01001
1235.189941,1245.869995,1225.109985,1348100,1242.099976
1229.26001,1235.23999,1209.51001,1828800,1214.380005
1224.72998,1226,1202.550049,1343200,1206.48999
1202.030029,1209.02002,1188.23999,1389600,1200.959961
1205.02002,1211,1194.625977,870800,1207.77002
1208,1217.26001,1200.354004,1205600,1201.619995
1200,1211.839966,1199,887400,1207.329956
1207.140015,1221.280029,1204.23999,992600,1205.380005
1208.819946,1221.650024,1206.359009,946600,1220.650024
1227.599976,1243.089966,1225.715942,1156300,1241.819946
1241.290039,1242.545044,1228.689941,1304000,1231.150024
1237.449951,1250.660034,1236.359009,1298900,1249.300049
1244.22998,1253.63501,1232.589966,1331400,1239.119995
1234.97998,1238.660034,1211.285034,1816400,1218.189941
1204.27002,1212.98999,1192.5,1831000,1197
1193.800049,1199.01001,1162,2061300,1186.47998
1186.300049,1186.300049,1152,1888500,1171.439941
1158.670044,1175.26001,1157.214966,1401300,1164.829956
1172.189941,1174.540039,1160.109985,1115400,1164.640015
1161.630005,1178.680054,1156.23999,1209300,1177.359985
1172.719971,1178.609985,1158.359985,1295500,1162.819946
1170.73999,1178.609985,1162.849976,1431200,1175.329956
1179.099976,1180.425049,1168.329956,944000,1172.530029
1170.140015,1177.23999,1154.030029,1306500,1156.050049
1157.089966,1176.079956,1157.089966,1203600,1161.219971
1164.97998,1173.209961,1154.579956,1191400,1171.089966
1179.98999,1189.890015,1173.359985,1210000,1186.869995
1192,1192.209961,1166.040039,4405600,1166.089966
1157.170044,1178,1146.910034,1271000,1173.369995
1176.150024,1186.880005,1168,977700,1184.650024
1185.150024,1194.22998,1174.765015,1462300,1180.48999
1186.72998,1202.099976,1183.630005,1260800,1194.640015
1191.869995,1195.410034,1184.5,1380600,1193.469971
1199.890015,1209.900024,1190.300049,1357600,1195.310059
1190.959961,1209.959961,1186.630005,1687900,1200.109985
1205,1206.410034,1193.829956,1256200,1202.949951
1195.329956,1197.51001,1155.57605,2209500,1168.189941
1167.5,1173.5,1145.119995,1184300,1157.349976
1150.109985,1168,1127.364014,1932400,1148.969971
1146.150024,1154.349976,1137.572021,1308700,1138.819946
1131.079956,1132.170044,1081.130005,2675700,1081.219971
1072.939941,1106.400024,1068.27002,2949000,1079.319946
1108,1115,1086.401978,2101300,1110.079956
1108.910034,1113.446045,1089,1372400,1092.25
1104.589966,1124.219971,1102.5,1928500,1121.280029
1126.459961,1128.98999,1102.189941,1467200,1115.689941
1121.839966,1121.839966,1077.089966,2094500,1087.969971
1093.369995,1110.359985,1087.75,1267600,1096.459961
1103.060059,1112.22998,1091,1514200,1101.160034
1080.890015,1107.890015,1070,1846300,1103.689941
